{
  "name": "angular-bootstrap-toggle",
  "description": "AngularJS version of Bootstrap Toggle",
  "version": "0.1.2",
  "keywords": [
    "angular",
    "toggle",
    "switch"
  ],
  "authors": [
    {
      "name": "Tony Wang",
      "email": "ziscloud@gmail.com"
    }
  ],
  "main": [
    "dist/angular-bootstrap-toggle.min.js",
    "dist/angular-bootstrap-toggle.min.css"
  ],
  "ignore": [
    "src",
    "test",
    "gulpfile.js",
    "karma-*.conf.js",
    "**/.*"
  ],
  "dependencies": {
    "angular": ">=1.3.0",
    "bootstrap": ">=3.2.0"
  },
  "devDependencies": {
    "angular-mocks": ">=1.3.0",
    "angular-scenario": ">=1.3.0",
    "angular": ">=1.3.0"
  },
  "license": "MIT",
  "homepage": "https://github.com/ziscloud/angular-bootstrap-toggle",
  "_release": "0.1.2",
  "_resolution": {
    "type": "version",
    "tag": "v0.1.2",
    "commit": "a5dc23622f892ae944a2e44b4399f023bfa6b864"
  },
  "_source": "https://github.com/ziscloud/angular-bootstrap-toggle.git",
  "_target": "^0.1.2",
  "_originalSource": "angular-bootstrap-toggle"
}