{
  "name": "angular-cookies",
  "version": "1.6.2",
  "license": "MIT",
  "main": "./angular-cookies.js",
  "ignore": [],
  "dependencies": {
    "angular": "1.6.2"
  },
  "homepage": "https://github.com/angular/bower-angular-cookies",
  "_release": "1.6.2",
  "_resolution": {
    "type": "version",
    "tag": "v1.6.2",
    "commit": "34aa7a37d6fb76a55850871eb325cbf459f947d4"
  },
  "_source": "https://github.com/angular/bower-angular-cookies.git",
  "_target": "^1.6.2",
  "_originalSource": "angular-cookies",
  "_direct": true
}