{
  "name": "angular-moment-picker",
  "version": "0.9.7",
  "authors": [
    "Indri Muska <indrimuska@gmail.com>"
  ],
  "description": "Angular Moment Picker is an AngularJS directive for date and time picker using Moment.js",
  "main": [
    "dist/angular-moment-picker.min.js",
    "dist/angular-moment-picker.min.css"
  ],
  "keywords": [
    "datepicker",
    "timepicker",
    "datetime",
    "picker",
    "calendar",
    "moment.js",
    "angular"
  ],
  "license": "MIT",
  "homepage": "http://indrimuska.github.io/angular-moment-picker",
  "ignore": [
    "**/.*",
    "node_modules",
    "bower_components",
    "test",
    "tests"
  ],
  "dependencies": {
    "angular": "^1.3",
    "moment": "^2.16.0"
  },
  "_release": "0.9.7",
  "_resolution": {
    "type": "version",
    "tag": "0.9.7",
    "commit": "ba71d207df8cb2b208d9ce08d2ba3d18df1a2ec5"
  },
  "_source": "https://github.com/indrimuska/angular-moment-picker.git",
  "_target": "^0.9.5",
  "_originalSource": "moment-picker"
}