{
  "name": "fancybox-plus",
  "title": "Fancybox-Plus",
  "version": "1.3.9",
  "description": "jQuery lightbox and modal window plugin.",
  "author": {
    "name": "Igor Lino",
    "url": "http://igorlino.github.io/fancybox-plus/"
  },
  "license": "MIT",
  "main": [
    "src/jquery.fancybox-plus.js",
    "css/jquery.fancybox-plus.css"
  ],
  "ignore": [
    "**/.*",
    "node_modules",
    "components"
  ],
  "bugs": "https://github.com/igorlino/fancybox-plus/issues",
  "homepage": "http://igorlino.github.io/fancybox-plus/",
  "docs": "http://igorlino.github.io/fancybox-plus/examples",
  "demo": "http://igorlino.github.io/fancybox-plus/examples",
  "dependencies": {
    "jquery": ">=1.11.2",
    "jquery.easing": "1.3.0"
  },
  "keywords": [
    "modal",
    "lightbox",
    "gallery",
    "popup",
    "ui",
    "jquery-plugin"
  ],
  "_release": "1.3.9",
  "_resolution": {
    "type": "version",
    "tag": "1.3.9",
    "commit": "9480d43d339a0d15b66c0aa48f293112411d4b22"
  },
  "_source": "https://github.com/igorlino/fancybox-plus.git",
  "_target": "~1.3.7",
  "_originalSource": "fancybox-plus"
}